-117.92094,33.67375,"Bonchon Chicken-Costa Mesa,CA","1534 Adams Ave, Costa Mesa,CA 92626, (714) 852-3734"
-121.4011536,38.4220734,"Bonchon Chicken-Elk Grove,CA","8246 Laguna Blvd, Elk Grove,CA 95758, (916) 684-6105"
-122.0795726,37.3929155,"Bonchon Chicken-Mountain Vies,CA","260 Castro St, Mountain View,CA 94041, (650) 282-5633"
-121.995958,37.5205763,"Bonchon Chicken-Newark,CA","39770 Cedar Blvd, Newark,CA 94560, (510) 598-3333"
-121.8892822,37.2439384,"Bonchon Chicken-San Jose,CA","1375 Blossom Hill Road #66, San Jose,CA 95118, (408) 216-7100|Closed 2:30-5:00pm Mon-Fri"
-122.3232269,37.5658836,"Bonchon Chicken-San Mateo,CA","220 South B Street, San Mateo,CA 94401, (650) 458-3110"
-122.4528006,37.6435677,"Bonchon Chicken-South San Francisco,CA","2278 Westborough Blvd [Ste 208], South San Francisco,CA 94080, (650) 636-4192"
-122.0264581,37.3628101,"Bonchon Chicken-Sunnyvale,CA","572 E El Camino Real, Sunnyvale,CA 94087, (408) 720-8689"
-72.558641,41.8051736,"Bonchon Chicken-Manchester,CT","1540 Pleasant Valley Rd [ste B], Manchester,CT 06042, (860) 644-2542"
-77.0079422,38.8779526,"Bonchon Chicken-Washington,DC","1015 Half St SE, Washington,DC 20003, (202) 488-4000"
-81.3111913,28.4564857,"Bonchon Chicken-Orlando,FL","5475 Orlando Gateway Village Circle [ste 4-102A], Orlando,FL 32812, (407) 270-8565"
-84.439483,33.479723,"Bonchon Chicken-Fayetteville,GA","120 Pavilion Pkwy [ste C], Fayetteville,GA 30214, (678) 829-3682 / 3289"
-158.0503646,21.3355767,"Bonchon Chicken-Kapolei,HI","91-5431 Kapolei Pkwy [ste 302], Kapolei,HI 96707, (808) 670-2611"
-71.1309177,42.3529179,"Bonchon Chicken-Allston,MA","123 Brighton Avenue, Allston,MA 02134, (617) 254-8888"
-71.1209106,42.3721428,"Bonchon Chicken-Cambridge,MA","57 JFK St, Cambridge,MA 02138, (617) 868-0981"
-71.3538284,42.6300964,"Bonchon Chicken-Lowell,MA","1075 Westford St, Lowell,MA 01851, (978) 970-1888"
-70.8981934,42.5212364,"Bonchon Chicken-Salem,MA","299 Essex Street, Salem,MA 01970, (978)594-8256"
-76.56706,39.27794,"Bonchon Chicken-Baltimore,MD","3500 Boston St, Baltimore,MD 21224, (443) 963-1414"
-76.8356068,39.2767272,"Bonchon Chicken-Ellicott City,MD","3419 Plum Tree Drive, Ellicott City,MD 21042, (410) 465-0515"
-77.3951961,39.4472587,"Bonchon Chicken-Frederick,MD","211 Shorebird St, Frederick,MD 21701, (301) 663-9888"
-76.6934958,39.0226651,"Bonchon Chicken-Gambrills,MD","1143 Rt 3N, Gambrills,MD 21054, (410) 721-8866"
-77.2383104,39.1795246,"Bonchon Chicken-Germantown,MD","19775 Frederick Rd, Germantown,MD 20876, (240) 396-5800"
-77.7450485,39.6623809,"Bonchon Chicken-Hagerstown,MD","18085-B Garland Groh Blvd, Hagerstown,MD, (301) 739-7979"
-76.724485,39.153312,"Bonchon Chicken-Hanover,MD","7049 Arundel Mills Cir [ste B], Hanover,MD 21076, (443) 274-2172"
-76.9520791,38.9683972,"Bonchon Chicken-Hyattsville,MD","6507 America Blvd, Hyattsville,MD 20782, (301) 209-1888"
-77.1518721,39.0852852,"Bonchon Chicken-Rockville,MD","107 Gibbs St [Unit A], Rockville,MD 20850, (301) 637-9079"
-76.9172466,38.6283018,"Bonchon Chicken-Waldorf,MD","3059 Waldorf Market Pl, Waldorf,MD 20603, (301) 638-0500"
-80.849302,35.172185,"Bonchon Chicken-Charlotte,NC","1600 E Woodlawn Rd, Charlotte,NC 28209, (704) 910-6126"
-80.8601703,35.0875968,"Bonchon Chicken-Pineville,NC","8318 Pineville-Matthews Rd [ste 703], Pineville,NC, (980) 819-5879"
-73.9617157,40.8648643,"Bonchon Chicken-Fort Lee,NJ","2467 Lemoine Ave, Fort Lee,NJ 07024, (201) 461-1212"
-74.0451573,40.7211725,"Bonchon Chicken-Jersey City,NJ","172 Newark Ave, Jersey City,NJ 07302, (201) 985-1212"
-73.9876099,40.8627357,"Bonchon Chicken-Leonia,NJ","346 Broad Ave, Leonia,NJ 07605, (201) 944-4112"
-74.1520809,40.9983547,"Bonchon Chicken-Midland Park,NJ","15 Central Ave, Midland Park,NJ 07432, (201) 447-1016"
-74.443589,40.494154,"Bonchon Chicken-New Brunswick,NJ","341 George St, New Brunswick,NJ 08901, (732) 543-1560"
-74.167533,40.808364,"Bonchon Chicken-Nutley,NJ","553 N Franklin Ave, Nutley,NJ 07110, (973) 662-1177"
-74.2682835,40.6971842,"Bonchon Chicken-Union,NJ","1045-C Stuyvesant Ave, Union,NJ 07083, (908) 258-0606"
-115.2432022,36.0717392,"Bonchon Chicken-Las Vegas,NV","6455 S Rainbow Blvd [ste 101], Las Vegas,NV 89118, (702) 778-0488"
-73.9279582,40.7631323,"Bonchon Chicken-Astoria,NY","25-30 Broadway, Astoria,NY 11106, (929) 522-0171"
-73.7687228,40.7592726,"Bonchon Chicken-Bayside,NY","45-37 Bell Blvd, Bayside,NY 11361, (718) 225-1010"
-74.0062256,40.7077141,"Bonchon Chicken-New York,NY","104 John St, New York,NY 10038, (646) 692-4660"
-73.9890594,40.7538605,"Bonchon Chicken-New York,NY","207 W 38th St, New York,NY 10018, (212) 221-3339"
-73.9852428,40.7474113,"Bonchon Chicken-New York,NY","325 5th Ave, New York,NY 10016, (212) 686-8282"
-83.0140686,40.0225372,"Bonchon Chicken-Columbus,OH","2973 N High St, Columbus,OH 43202, (614) 268-8988"
-83.0858994,40.0945244,"Bonchon Chicken-Columbus,OH","3586 W Dublin Granville Rd, Columbus,OH 43235, (614) 389-4026"
-81.683967,41.359344,"Bonchon Chicken-Seven Hills,OH","7581 Broadview Rd, Seven Hills,OH 44131, (216) 236-6969"
-97.5141987,35.6700356,"Bonchon Chicken-Edmond,OK","1501 N Santa Fe Ave [ste 100], Edmond,OK 73012, (405) 285-5898"
-75.1571274,39.9544258,"Bonchon Chicken-Philadelphia,PA","1020 Cherry St, Philadelphia,PA 19107, (267) 639-6686"
-95.7900424,29.7850245,"Bonchon Chicken-Katy,TX","24437 Katy Fwy [ste 100], Katy,TX 77494, (281) 394-9188"
-95.393559,29.554476,"Bonchon Chicken-Pearland,TX","11200 Broadway St [ste 360], Pearland,TX 77584, (346) 410-5167"
-96.880665,33.068429,"Bonchon Chicken-The Colony,TX","4940 Sh 121 [ste 145], The Colony,TX 75086, (214) 618-1585"
-77.1931976,38.8315737,"Bonchon Chicken-Annandale,VA","7215 Columbia Pike, Annandale,VA 22003, (703) 914-1415"
-77.0857468,38.8811264,"Bonchon Chicken-Arlington,VA","2201 N Pershing Dr [Suite E], Arlington,VA 22201, (703) 528-1011"
-77.4374027,38.8377951,"Bonchon Chicken-Centreville,VA","14215-N Centreville Square, Centreville,VA 20121, (703) 825-7711"
-77.522583,38.9261818,"Bonchon Chicken-Chantilly,VA","24995 Riding Plaza [#120], Chantilly,VA 20152, (703) 327-6111"
-77.273849,38.8630012,"Bonchon Chicken-Fairfax,VA","3242 Old Pickett Road, Fairfax,VA 22031, (703) 865-5688"
-77.5088252,38.3044157,"Bonchon Chicken-Fredericksburg,VA","1624 Carl D Silver Pkwy, Fredericksburg,VA, (540) 785-8885"
-78.848587,38.4273758,"Bonchon Chicken-Harrisonburg,VA","243 Neff Ave, Harrisonburg,VA 22801, (540) 801-0888"
-77.5420685,37.6305466,"Bonchon Chicken-Henrico,VA","8026 W Broad S [ste A], Henrico,VA 23294, (804) 716-2029"
-77.4079098,38.9073964,"Bonchon Chicken-Herndon,VA","13320 Franklin Farm Road [ste E], Herndon,VA 20171, (703) 870-7580"
-77.5234969,39.0889437,"Bonchon Chicken-Leesburg,VA","1607 Village Market Blvd [Suite K- 106], Leesburg,VA 20175, (571) 442- 8882"
-77.48497,38.768675,"Bonchon Chicken-Manassas,VA","8679 Sudley Rd, Manassas,VA 20110, (703) 392-8888"
-77.3538,37.60609,"Bonchon Chicken-Mechanicsville,VA","7380 Bell Creek Rd, Mechanicsville,VA 23111, (804) 893-4567"
-77.6124591,37.5049632,"Bonchon Chicken-Midlothian,VA","11607 Midlothian Turnpike, Midlothian,VA 23113, (804)608-2051"
-76.2907867,36.8499374,"Bonchon Chicken-Norfolk,VA","273 Granby Street, Norfolk,VA 23510, (757) 383-6173/6915"
-77.4107666,39.0363731,"Bonchon Chicken-Sterling,VA","20921 Davenport Drive [Unit 131], Sterling,VA 20165, (703) 755-5422"
-77.2978125,38.6354707,"Bonchon Chicken-Woodbridge,VA","14563 Potomac Mills Rd, Woodbridge,VA 22192, (703) 497-8888"
